candidate,rmse_mg_L,interpretability_cost,optional_keep_probability
1,4.223155539073432,27.789687396772983,0.7876912579746521
2,3.7624730718829746,25.783257268412576,0.6347052548632468
3,4.201661368953677,18.82966300778616,0.29968498737742716
4,5.985413892151358,16.819142561627327,0.21591421857249793
5,6.125109226866943,10.811620693440599,0.06645094305291938
6,6.664801705103958,11.842388636121155,0.1404621626443141
7,4.090909170924216,24.790005054582316,0.5241333296708728
8,2.935877647651135,36.78714538341823,0.9511852819127191
9,3.9147318437132763,25.846499708339117,0.5843282011064987
10,4.67954552525164,21.819300401596557,0.3858356623341628
11,4.853610217328079,31.80357172488939,0.8675732659883508
12,3.7174372860666103,28.81149389767576,0.6844197423807564
13,3.0095748644113645,35.814121829893324,0.9776311915165968
14,3.3340517168000816,32.80548119449894,0.8372244992800076
15,5.886606721568379,22.839718288624766,0.6012142499398191
16,3.5941290388367113,25.808251206570034,0.4314745095292477
17,5.2159686890726515,12.849258527071324,0.06969340927778803
18,3.8917820546715323,25.85456769252507,0.6633460098453302
19,5.688999854945832,23.839892072373313,0.4975753918721011
20,6.1011643162031355,15.903152802669569,0.19746958400826126
21,5.646426753089301,12.809325787566175,0.08130711800319883
22,3.4473894543892154,36.724595257241646,0.985714087609697
23,3.436140380995783,31.81821572780815,0.8509003785291545
24,3.48640421841123,27.81368444366538,0.6066202667845918
25,3.7444021805503938,33.796412298709825,0.8946647409719448
26,4.520691042698943,21.803964459720916,0.26890404440228566
27,7.042314167908065,24.84101033790404,0.6153576757173742
28,6.128547736727626,11.821005195207636,0.09103586442372813
29,3.6261467464935064,30.78983120034313,0.740721517344548
30,3.2722093653404527,31.795568575581882,0.8671262690976522
31,5.67972602142674,14.776385049288594,0.09032461354255444
32,4.058503009290119,22.7669147312991,0.591732497863888
33,3.6026444002788285,23.75975744846483,0.3732433920667194
34,4.221747239928695,24.843022959376913,0.6299754681576896
35,3.266258578117114,29.80428570906796,0.6445053566410327
36,3.072781166636699,35.80934217993343,0.9537435881258434
37,4.170317207636161,23.79348091913821,0.6016868105643528
38,4.502883761064979,18.81906299831393,0.35820722678798117
39,6.080258747192318,13.79256187355073,0.11135392035567715
40,3.2123154776402205,34.78288818928124,0.9144119884108012
41,2.9771863455866496,35.78686590641403,0.8740153046921117
42,4.922267709652503,19.82556975626024,0.14431898699571155
43,3.308110093299637,32.788980791834305,0.8090297104672772
44,5.534889346458146,15.807505997079403,0.28567410903173857
45,3.026694881538652,34.82776543171504,0.8718282485123134
46,4.451749405331465,24.781230352857175,0.6114557658906699
47,3.815964994180349,28.826227857563055,0.647311652644686
48,5.663885386240333,15.835726229767646,0.3080544386512596
49,4.958774176648193,28.79482013855143,0.53109598558075
50,4.579987089126753,24.780926531970348,0.4727296779720348
51,3.496944337944157,29.81356190007696,0.7841972818136586
52,6.168744039793527,10.803549149535598,0.07084043738421242
53,4.502008231892245,21.850145504425512,0.3865892456758657
54,4.931361113329144,16.81198032079517,0.2776486672316709
55,3.6203556789776195,27.822344345289423,0.6530820891887825
56,5.770765417008375,25.8080036999212,0.39682849607683496
57,3.884272719985636,23.823909263140877,0.5662147172895028
58,3.757395828375938,31.78101510246578,0.6540541060051346
59,6.0338868986518595,10.790761808386211,0.2299093821883652
60,4.062242834365579,31.819840199850212,0.8900467957726029
61,5.101045080638213,17.791914223357356,0.31247258317721865
62,4.338789436766959,19.804332390774285,0.355996105939117
63,2.9388807629144917,35.8295295617464,0.9769741235344084
64,4.086580566391198,26.793096584168325,0.43884734600150727
65,5.759238091468184,12.763201679475559,0.16071117280206076
66,4.232794275465604,26.809414482531295,0.4151545195603131
67,6.621723212516456,12.825780808862643,0.1339182436968048
68,2.9567882830917998,35.83117086952898,0.9680819818336901
69,3.5525834900093796,25.806576643932676,0.6714076861437163
70,4.297802044902817,25.869599715914056,0.7070792758011455
71,3.233529928039278,34.78185676554326,0.9432393811292926
72,4.179188970695881,25.80695841969435,0.6773535246799347
73,3.12667054145775,34.817802252461355,0.8540795199666851
74,2.9796443617177872,36.84268694587438,0.9748779272266657
75,4.41681664549044,21.80110866446314,0.3594226802964392
76,5.512407936607139,13.786443058289287,0.20354787501455418
77,5.734093668367505,16.873628371298825,0.3294270909101434
78,5.196126487798123,18.867487092600935,0.4235805273683822
79,3.162722246236771,33.819517051021236,0.9218567015134189
80,5.575230885343562,16.826436597267165,0.45114487107879525
81,4.010345819310802,22.810769308252432,0.5070988945490994
82,6.613068809845356,26.779660457215908,0.586832679651984
83,3.079444842837087,36.78847613033167,0.9136928473690356
84,5.042632079045639,18.834072285547556,0.2274140121379814
85,6.567798622496974,13.78146060640108,0.15181522044514492
86,5.385864432575326,12.825634633262785,0.11389527236001673
87,5.559545425940451,14.846892806204004,0.14765976408184195
88,2.949597088016517,36.81487419524508,0.9535676176392578
89,3.4828057105213146,29.83318814384127,0.8816169633989918
90,3.3135594633769623,34.75592667835366,0.9087119786833043
91,2.9423941905806483,36.81708990022697,0.9358223778142565
92,3.7215359161037194,30.780875642712285,0.7271599273690874
93,3.8110737228746925,26.810471199231166,0.5348579704578237
94,3.8860487251892075,26.755192511078413,0.6331832357680234
95,5.38267872669172,15.79364321926041,0.23636456415351081
96,3.729371327123968,33.801336020736635,0.8511285118924776
97,5.072246358742654,18.82725510390117,0.22507233059944814
98,3.210615111321762,33.75673746302575,0.9208340860665973
99,2.9483074145308925,36.797679491442565,0.9962635835889578
100,4.478522367314826,29.785725586291523,0.5922325095696259
101,6.281445981154908,13.826769766441721,0.1645173001584399
102,4.260724250946884,23.796058039432662,0.4579625974441966
103,5.923898130670045,11.780387494597257,0.1255414110636663
104,2.9189951051755068,33.818178949452246,0.9410844246687183
105,5.168606692695779,15.811129081369016,0.11964730408861339
106,4.876386319710881,17.793907210976617,0.192998210765415
107,6.4119049367504815,10.799799366691545,0.09153568648311175
108,4.272773279524368,26.818800805565665,0.5939696229893786
109,3.2362279007509422,33.84486784080233,0.7874711365210041
110,3.056168778300337,36.76461497690006,0.994432459330885
111,4.356564105587102,26.846850441932727,0.5399413271184806
112,3.0155827557170305,34.80076803161523,0.9648247761650788
113,4.208580559167024,24.78200812649819,0.45449278801613147
114,3.280673277696258,32.865199564219566,0.9266880597772146
115,6.074431216646979,10.774359745724622,0.059867048902341985
116,5.0729053202460666,21.82253898325629,0.5528690578247939
117,4.490345732720439,19.82703100170861,0.5464688143650847
118,3.311223422460726,31.81728104402094,0.7544842220945515
119,7.122282325284269,10.819722246221607,0.17144632705458285
120,3.786703085363456,30.839723826110497,0.823040416553258
121,2.932288929946406,36.82661025044056,0.896910365252416
122,2.978640842280869,35.81532197301732,0.9328521616304648
123,6.108707833217094,18.783099357440427,0.33397102357275116
124,3.5028049976930644,30.88144754604032,0.8529742309105318
125,6.27720425466269,10.856705368577746,0.06550529708327169
126,3.1257941779518497,32.78273548185054,0.8880281231682633
127,3.4740063735021756,34.85671852830789,0.819112379062667
128,5.262376729878913,23.781973945423793,0.5517674664320046
129,3.087157312163966,35.8262997144596,0.9398783390901828
130,4.89007281722168,15.78204179303974,0.20408808825159352
131,5.914557774230667,10.818062971565386,0.11070678708018103
132,2.9930304992368213,36.81276384394497,0.9700752136697919
133,5.562007119518606,22.82624460813068,0.3872224081007861
134,3.8048250718035264,29.80926274810926,0.7591025110753358
135,5.10895716066715,15.771729502204277,0.2911328486388994
136,5.026444779503989,27.768290030618065,0.7152676313794789
137,5.712128930099016,15.82998559494735,0.17900445458816844
138,4.990395601269575,16.848751491185507,0.37067556767852555
139,3.276892833988564,31.776620313707845,0.8064781380265617
140,5.054429766702208,18.794077779389582,0.31407205799348703
141,4.406576708250145,27.827232604325218,0.5434082053640855
142,5.1372839808992445,19.856351973597892,0.45624993196097285
143,3.8205180680320443,29.837166770591242,0.8061800663743813
144,4.072451600477115,15.841177006940146,0.4212604877772282
145,6.180807215296568,23.80809902767037,0.3971345998372764
146,3.294004473541613,33.84881701119173,0.9150140753409819
147,3.7278153218039036,34.83550025310937,0.8545356073918076
148,4.454621092569963,21.80651779625915,0.44070638421742253
149,4.183756249815673,28.779824027451138,0.6944932652826388
150,5.440988841609176,22.81528362570214,0.43400054174299163
151,3.332071093899618,33.77835257247997,0.8039089855398625
152,5.81105400470427,9.799120869415752,0.07909808946200408
153,4.3264089547777695,20.85185963194072,0.5170821264630945
154,5.996961853633737,11.816068353291614,0.18754043736315423
155,5.746179605777853,12.836171408512422,0.17058183163417706
156,3.1223209429966197,33.81378488552334,0.9511620307170656
157,4.183258762811606,24.79645617219256,0.6005704958870987
158,6.53591456535331,14.847582361477368,0.18980374757116764
159,3.133990281492369,36.77002357840934,0.969499110826493
160,3.0022757246034653,35.83675272548913,0.9552400690396666
161,3.909465650753219,23.835334554164422,0.5596278238716895
162,3.058023655506089,33.80167010210425,0.7664367398506332
163,4.4493376865046335,19.777639029143124,0.4884311613994476
164,4.492505311074707,24.832667924787835,0.5913794425649678
165,3.0698176478130756,36.828719372420544,0.9903863907662726
166,4.214717943155225,24.747837899909463,0.49324124047804935
167,4.4402510167573634,23.837248761577413,0.5671020390939088
168,6.195660955564398,14.804280509305094,0.18239342737935577
169,4.470874427596213,21.757450147482604,0.4518434652423553
170,6.8277953937042115,15.823025507261772,0.14566147908594435
171,4.772682500697804,23.82549762458893,0.3968418389802949
172,5.591589752299714,13.829845182816326,0.251724333587102
173,5.695893696170543,12.770107589679306,0.12724009957723964
174,3.754803203007303,31.789883950880643,0.7117942826179812
175,5.204166900460642,16.846138443052165,0.29396868269839277
176,4.337965805698647,34.83347599633019,0.9240045917375935
177,4.259746234194905,22.79532300710467,0.5106883450167211
178,5.638450321493439,18.790249152021588,0.39087242052358073
179,5.147754594124249,21.812899372431836,0.4281759711331475
180,6.289767372905654,14.778071384096245,0.2952616591584743
181,4.619699306118641,17.85558474402156,0.2734227404355657
182,5.3081644868224656,19.834249120538388,0.4720576876499286
183,6.020202196270576,16.82226029677535,0.3494653862298105
184,3.3153084525322414,36.76192034288774,0.9696764486682279
185,3.235511140816719,33.77516053370272,0.807566530397695
186,4.194424909496525,21.797325047426135,0.5265648865921637
187,5.60691775865468,14.783056319944171,0.16692380779481797
188,4.054059943559526,28.812092127274823,0.6988559088688752
189,2.938046964476227,36.82195107462354,0.9753814121285644
190,4.906354592474957,21.82444166114479,0.513567843530276
191,6.40311292746726,11.813266978165997,0.0623362877539288
192,3.88325012482134,27.791533813874352,0.6116678498723226
193,4.4082551365584735,19.79382900892197,0.41985836546764854
194,3.9811064859447645,27.811950327288393,0.705778503051483
195,5.3736776224131475,18.795965733588357,0.39867362734288475
196,3.1876182546036933,30.81386875675693,0.7762068177677048
197,6.022876596181884,16.82478851084859,0.16336923145297222
198,3.6667090238227353,32.79586833549426,0.9253526733515697
199,3.8077389434591242,29.819190359353268,0.8418819253309311
200,4.288385458525775,28.821480107112823,0.7162977223978569
