turbidity_ntu,ph,inflow_mld,rainfall_12h_mm,ideal_alum_dose_mg_L,ground_truth_noiseless_mg_L
124.44460370639705,6.390293153621886,103.31398745548857,0.0,59.61805173722581,58.55790600470186
72.35111780913537,6.904897156396446,72.32805921466631,0.0,45.90670249687751,42.03089579696404
6.669123794228485,7.762321875742327,67.8078584246749,0.0,21.73046393329048,26.399586461754883
19.819262215464445,7.034976530765772,94.37150462054166,0.0,29.681762078257602,28.849648752833797
26.498069235188993,7.109897382946195,120.0,0.0,36.24753622080462,34.11343844902204
19.783758993512997,7.362840548635806,67.32212208979976,0.0,30.533342311483274,29.73123692622446
7.815860841066015,7.031567842162379,94.7944340183505,0.0,22.373739430643774,22.603977595751488
47.34394512245465,7.075721506334281,35.70064942937556,0.0,32.68593930078305,33.21038385450393
19.071617893062133,6.844867304843201,75.61330735874871,48.08249868041355,35.89938692364261,34.32322434413023
32.277514847789334,6.581904202111138,31.37234218330044,0.0,30.832986701470567,31.808731499441485
25.647244418887684,6.716053046197626,24.48866323263043,0.0,29.933292235719563,27.797641228062574
28.66096331179053,7.4241059077577525,65.93502833975134,0.0,33.11355906021272,33.459224600334075
114.2353298679768,6.329762599396778,55.523439002374076,6.809466570967155,55.07962343906503,54.86423750272499
8.234320466948715,6.5919652869570715,73.37611491984892,0.0,26.38708445855076,24.698526879621486
7.065356679698245,7.409484633655802,79.54064925785556,65.60074854297702,34.46383161729854,32.40429812982366
30.740376483139798,7.435882135190869,63.56079998234128,13.705093693009019,37.2952898026898,35.85261315746965
38.89248050194117,6.82758509750686,90.25871288046076,0.0,39.26931403030203,36.19936829812094
28.978486693378294,6.589717445563517,56.642093773843555,0.0,32.49530753139805,32.69260920439116
11.581328023748409,6.9511193731568115,20.0,86.69061552603361,30.888043672696647,28.279363815762494
27.88236207209603,6.166805619392775,69.29302231713413,0.0,33.94028408242425,37.28379966239217
33.11629716220988,7.658456436034408,103.13623141192257,42.76789567737398,47.60578747540153,46.26583441131767
46.56791250286761,7.060773173460621,64.68682364534922,0.0,34.226431224302125,35.189967615244115
29.45180453458745,6.683227532718132,82.74330093636357,0.0,34.4404658423036,34.064562391390794
45.85821891942381,6.151606232286701,49.067174332231275,23.64464995921268,45.973761487537395,44.2847423692609
24.704859404862585,7.283079442409144,57.82757045693299,69.27732281108133,38.42192876107408,38.80565571133484
30.38920154573127,7.8385960891043585,69.0378809560043,0.0,34.97715558261842,38.14472525200773
34.852440867141205,7.185304107414368,60.16320221374954,27.894450950191462,39.40064101985319,36.40945725235137
9.167355387631233,7.252272378021535,112.9548426782386,27.42928087770341,31.546836524220677,30.737127820198236
14.251423226701638,7.25581472658428,84.17949346044122,0.0,27.720442933249426,27.60599106926432
44.285957880910566,7.2853426880842544,35.29748085735119,6.671667794480248,36.423619004872194,35.19704270611395
31.970237082940802,6.454045092887858,76.83482048747723,0.0,34.16890133451104,36.54243952777923
7.899986546748983,6.806786146358676,48.46868211786601,0.0,21.37081570435938,20.46661311578854
6.9926925554126305,6.063155308444857,88.27003672176315,0.0,30.044228177348128,29.91959702782438
15.31268916108546,5.701845630032955,58.05184686371393,1.4339046021962902,36.66484317995328,35.92912331320903
29.955371367754942,7.0269509156076,58.04111576319172,82.69670494509508,40.186934782563384,40.1685320272934
19.051318009636702,7.089088877690627,91.25386559946129,0.0,28.699693589206046,28.787796349440043
30.114287346502337,7.395400766895855,62.58157494300611,5.915932480141093,35.798968755236,34.17166208257707
38.46589252679574,5.834755447772155,63.275008452059836,14.639623111750156,47.2186888108776,45.16122287798378
60.994851790362866,6.262749651950422,92.52865522631635,16.53900831477501,53.09013772394862,49.80350425094187
34.91117243599448,7.4243989326575095,90.93471076817715,79.77392756754122,46.55747004449756,48.783465075188076
70.1913530484777,6.608639082908045,48.414795987104156,29.690771164356892,42.965631971920125,46.82526193984893
24.874350962017406,7.624178186056947,75.62063106302992,0.0,35.36323707845636,34.78705284667116
14.829086915773065,6.690187637544531,73.10656929041093,0.0,30.88117304083825,27.505739269074745
15.842399368005973,7.653446850844576,67.85417926356153,25.556165961563234,33.305767951868475,33.93433767160683
21.67253225313064,6.967994993806433,74.18372927987657,0.0,25.843073110844003,27.945998610177725
13.690840698474824,7.496022151146828,70.38752132723474,0.0,30.978911128919627,28.464870751310066
5.464859883788744,6.470117440634859,86.96024765550759,21.109836133482332,27.694268982458926,27.352035246709274
53.79511453641238,6.667984395166245,49.39447107769307,15.129504205455943,39.4621733455462,40.39916059042344
13.475867854197947,7.064958162767292,55.37291048333199,0.0,25.752386766270128,23.131404594868773
10.633866807784894,6.903896465905629,82.70784857336294,13.941992471802747,26.57286688755926,25.81127245871032
21.935607668194734,6.66678411780368,103.12757818405407,67.06294663184073,46.45430916109201,42.49219017658382
51.35073398402755,7.156549834381367,40.08148983435308,0.0,33.1783938517626,35.32063835616974
53.82281051604172,6.093257442917159,79.93269095400825,7.140503499214787,46.714963557597706,47.17560780396365
42.716537527354106,7.038706786071259,53.57751431334005,13.078128831795038,35.011979768924,34.830943317868865
29.630894622641467,7.291194464001493,93.5005809817643,50.64219648491865,44.433542491124584,41.838175236089846
23.835405397703628,7.566080534185348,76.75795605940834,11.064602261914901,36.47169614282118,35.40828884336138
12.937782305517695,7.104536845817896,106.59561174947012,16.881264858494802,30.861672805680282,29.60051659583312
77.72306206594892,6.819115036837439,120.0,0.0,49.640800301865944,47.73051385017391
11.242651858708193,6.687800843637995,116.83678371763284,3.0119716083147994,33.027874613108494,29.570725360270963
50.056432727263285,5.659189496389027,46.37722456634108,6.306126404747223,49.4421964296539,47.413942038358776
150.0,7.229855958630178,75.11202053517474,0.0,54.39783226734328,56.554283923362306
11.610727136617186,7.79770267441544,104.1379088303272,0.0,34.69968642181896,32.87903662887847
20.281247463445474,7.156213843293478,32.91130785302798,0.0,26.798360213160628,25.252089687305546
63.38522599908633,6.162453893146877,77.981294060543,17.30625086166218,51.04721981594677,50.16782115911874
10.168986158111295,6.6868057252947235,62.63388866598216,0.0,23.83045220192088,24.201252636027526
7.445151721408066,7.578069224446624,52.14222241547096,11.502626881941007,27.335455842978263,25.331533479085575
29.215844342585353,7.688000974628276,106.29960939195453,48.47371852103788,42.08776100020032,46.32057477807579
36.59396159467688,7.313476011135691,71.38487964344277,0.0,36.69165554742497,35.34229530574479
71.13320008571908,6.892172117134852,59.236597249626755,0.0,35.310626539556175,40.8505997256059
21.871906043790503,6.9547741567523715,75.11174245753848,18.788594143776475,34.578237899020586,30.655277163503207
40.08281807870046,6.870555536261453,76.70865538106467,0.0,29.51731193912574,35.049911068005834
72.90461486296527,7.442169888490485,20.0,0.0,42.340420095272165,41.19763197989225
32.45594314757908,6.793858917971204,66.1299559921501,118.75209528337518,49.885652120086206,48.40464243072721
29.731030066708087,7.485419837184288,94.63344528324137,0.0,40.28537275249809,36.681577018425074
16.22812809411528,6.549240343150507,47.17699019609997,0.0,24.698574942650904,27.403687870682308
5.32093628347251,7.408266752783765,37.17626437545012,15.166602043079985,19.988523489501826,21.10786658473978
37.23221521856367,7.262645213477188,59.22959919338042,2.1695688062491785,36.73395567911569,34.37028199603084
31.895097165206234,7.0917749732302555,67.20282143964175,0.0,30.949830636722673,31.50915934565653
17.719586567588383,7.685742908562715,88.7490207893591,0.0,35.62629334764389,33.588157166579904
26.097569096861708,6.624553425637963,99.8372407976338,25.820259056528023,38.79641762958554,38.45813040017242
15.707030639315903,8.095951039400095,67.44295633492953,0.0,32.939740492863905,34.80605715334842
10.528410756909912,6.209371738537406,20.0,62.42011705256502,30.869486415732556,32.00308679146351
33.47438535433792,6.813685378677419,99.51367426834432,0.0,36.70463091804107,35.468578289244
9.827306324186077,7.112820292139637,77.67695139519225,0.0,23.695509258186824,23.32597718538163
59.75059312561978,8.083090076853614,65.77521390205,0.0,44.54891600602879,48.00679953133091
27.376374618949885,6.590506398238829,77.34704008375171,9.740310606044977,37.40269123641408,35.10044866246453
150.0,7.573741410976042,39.98837725817615,0.0,57.2592113073022,56.95399001643048
56.77890106730221,7.808769189936324,88.97655284596993,0.0,46.64684664799637,46.618647943862584
111.16121900032593,7.6162031161236685,83.29020063316457,28.863910497887147,63.64846403749663,60.15441867273471
14.767763111624207,7.015207436282852,83.36881684129526,19.176610856438888,30.710931672713798,28.008072654551192
12.395191883575116,7.947729687708813,58.32419441293142,0.0,30.177692739736568,31.042425584447766
17.611097019313576,6.917839747719723,50.579042441021585,42.473248708815376,29.51461044557218,29.907401394893323
9.378280831192697,7.5740756148932125,100.71108564839216,4.454623383759587,31.859509083221397,29.77643381224408
22.471511113100487,7.409214224726863,90.61142576970225,18.03033045834221,31.146179775725166,35.52393779288573
25.64700817621252,6.28271407015571,45.911400474326996,0.0,32.26210192043767,33.55587345659273
57.31573180609651,6.488576427350111,62.4864152376839,5.909831137413428,44.48340095896288,42.70785820396208
25.678769250662405,7.133638164692186,22.99895292579272,0.0,25.478662168867125,26.28676918213768
39.127557760256074,6.286280242594826,103.02252575926414,0.0,41.30848494061682,42.33935414178457
29.29380184121875,6.816371253882418,27.255264595042703,0.0,27.60500881421321,28.330714030964693
25.65699853352589,7.001756470097346,75.90646520932718,0.0,32.85573338267779,29.280749651329874
39.54857956578678,6.854958098068097,100.52432060992193,35.39461639912673,40.9203920688186,42.18860007464912
10.288874456244734,7.535469046219495,72.10637912589162,9.352938230233633,29.039860780648407,28.247154497903004
64.25501985140176,7.745500092406894,59.88792583989668,0.0,44.30710484383487,45.38894193949268
16.990775766174064,7.089216154516596,53.76840954181169,16.309763071839352,25.511291656986074,26.853278230635922
17.81668687491706,7.3060826824394915,77.61001002705714,18.504315702547178,32.846086407073,31.566323016401302
43.18460531349683,7.281588663690171,79.95452174423653,0.0,39.08729762229871,37.580243564751385
25.158172883518205,6.624555058329811,76.93099538298937,0.0,25.94357715812722,32.67249364773301
5.6152056053674615,6.87761524621633,96.25858763218201,87.27295868135963,31.242818068720428,32.93057724545164
5.715057401081072,6.861902450766481,102.30155325029494,17.12632132243384,26.347000941739577,24.745614763542285
52.94458345158094,6.202639116482663,103.84939556479475,0.0,46.11081097494838,46.791503546977886
18.280605881221035,6.642340507946335,56.373096955836765,0.0,29.05217489592726,28.178086340911044
6.505431866384298,7.527108370895225,74.24978706695059,0.0,23.711681054064567,24.58768109301197
14.984728610634397,7.157340057204503,81.21049407125668,11.788941894191497,32.30302161704319,28.31138321393112
58.35571395113633,7.647655532510207,91.95782187867482,21.504560279031057,50.282349561805745,49.06721276282147
27.29861073205196,6.530884175174341,82.11086694189764,0.0,34.547333935025634,34.711963103455616
25.678813807011753,7.40806528101593,81.4169528212077,0.0,33.466857621097965,33.52154473199091
32.036007968393825,7.341597039095502,54.27408264131308,88.15398458489564,45.121898261568084,44.16437317282257
5.464936402391612,6.939822731804125,114.22377627357763,0.0,21.477164326217725,22.525931636067625
17.056118854315457,6.984785220405649,92.52397210739774,0.0,30.664332113253167,27.3399165502113
7.618429889632053,6.854606533725955,33.84610367451691,48.193904832351166,25.76568230309679,23.84223176099735
67.79621869406776,6.500661620278233,77.12699641018716,30.28228600451236,49.16923074986302,49.96133043636073
21.604228184943057,7.520710605659962,78.70924631506617,44.32831132010008,37.673325882964406,38.63232548911269
20.495164980069376,7.900196312709841,52.259080091006766,8.951929542518918,36.496105738523816,34.91453868132985
10.154876030664504,8.001145897833982,103.4980875806755,0.0,35.33387500434834,33.88274480434691
29.05497792311993,7.431346589519672,46.85672511613652,0.0,33.22094559247719,32.131780300656196
19.20552886480025,6.969411673658296,47.418047880176545,0.0,20.328193339552886,24.799245749176148
40.683657065564205,7.641243015115915,92.99483112265814,13.86848847524454,41.43176104668292,43.32336645514959
84.3381486825772,7.575112059850249,77.74878591821737,14.543567883082623,50.89844759075014,51.72320525412375
48.70850586357769,7.040148687665925,54.872073082652534,0.0,36.67156679656692,34.759293440805315
18.91026925928722,7.093250605885859,43.104646952457436,79.59865984253723,33.555123717298024,34.246417752822246
6.343413800198242,7.706721622339602,87.06915902495312,0.0,29.39005126632556,27.15665483948684
22.816350116403836,7.742157942582419,83.39459515650668,0.0,36.60908412502229,35.74983181005719
96.91397811069118,7.521767505494493,52.49094063012314,5.354650113404755,50.81669080276342,49.983116342026115
21.002288506744478,7.1642656372761655,66.92449580972662,6.346761635961359,28.331849205326325,29.138438001201987
7.49503629424388,6.387486891662995,86.06802653813678,0.0,25.195993288774893,27.09512258581048
7.968631525437912,6.7698594463611546,71.74001061223201,0.0,23.2784601858402,22.72161087808662
10.858708496143684,7.228998835649346,65.15443486729124,0.0,25.398525219050008,24.02519321776297
56.913881646743626,7.320452278065121,65.70852288905922,0.0,41.983560608894024,40.23104299677849
3.115826727780871,6.056382122619805,75.18954440665196,24.369940915580774,28.86571157616678,27.76973184328425
6.055412491650768,7.064672318286908,53.95551928953581,16.812517410069503,22.747577493767377,20.18240396311969
24.586320340170882,7.106192931690496,49.3809284549695,31.05825525405224,27.527014973656243,31.554044565258813
11.855387384249207,6.799157693609492,91.41218135795089,20.181407445311482,27.676260162142817,29.03618677256467
5.137733105480503,7.0780326757189975,38.97962863386209,0.0,15.232439256549776,16.362097283328268
24.22322371382911,6.5316449336777085,76.12090667280145,39.367573028558084,39.393393647275275,38.301837348836756
35.332694181234075,6.788974778184932,93.5944089241139,79.63144002657585,47.67376624458943,47.20042394676807
38.693228182793675,7.677154380921158,57.26313133326578,0.0,32.32407058069347,38.21391999295949
14.063296124991696,6.660664085242919,45.61016286105872,0.0,27.083642974996813,25.20683845914662
16.319836949480838,7.332653485482301,81.55169476579711,8.9747350162275,33.49751255150666,30.247214537607213
24.631510684985425,7.883049933833014,67.38557016085399,83.76798067261637,45.84344329816686,47.223885802920066
7.738509704145509,7.152061065627776,41.63571428149573,38.834992666435426,25.597052572101752,23.70938641511316
6.591875940475134,7.004905249318912,33.76233218492439,3.5479744331756318,19.96797775274551,16.925001834135216
5.10344856702249,7.386306795293188,77.24603133347756,0.0,25.317188827496274,22.267132674426307
53.322811876411116,7.681648459031402,51.360759570467536,51.6620659990963,50.996880969304684,48.802923835490034
41.477069977363996,7.402447081860536,63.744919416633635,0.0,36.0613492206514,36.947331411119194
51.33875400555879,5.700223166181683,84.2010184182477,0.0,46.304638612516186,49.51737539770606
31.109302645303504,6.769587459317991,87.04154243054487,9.675457866177672,35.21112659240929,35.48282175399905
30.036127680451536,7.412765248442813,57.024942716878655,18.761055493943164,34.73398769343138,35.498335862365806
18.153562465669694,6.582752294757395,53.302547152025156,23.06283632176884,34.24955859154929,31.206209979212236
15.6237002036918,6.419411678928586,20.0,8.09253962831724,27.598353611904436,27.032988604230656
20.50123148255101,7.3919668369929585,68.57580998617458,25.585337226741316,34.2990603096546,33.63350012573004
18.280480848427427,6.556713977220769,71.73261312359442,9.965776535559984,33.273089409315304,31.465760287790282
29.477875022644707,6.682157676828262,64.87007004699119,0.0,34.370157794566886,32.65327639240735
10.010243566159952,6.920767516311518,91.83705796926546,0.0,26.761269600943244,24.257519122656884
25.082338952495714,7.307454019076662,64.40107034086702,0.0,29.258389126505296,31.00829345582823
54.579465946949455,7.086094257691949,73.201320832075,22.3163956671162,38.706291799834936,41.38151982955926
95.07685589255912,6.489160731710307,48.90208927380566,80.09830752785402,67.1337435578036,61.36659279585457
17.868204743975017,6.716212514299997,63.25021630849532,0.0,29.036846312215193,27.861221936350844
87.09453395805407,6.639154936156127,39.58246206020023,20.63411666570828,50.938340085061945,47.9682934482837
14.066249495722206,8.271936042891435,82.20020559871065,0.0,39.28068217844777,36.83977747297335
9.830254116964316,8.051668889451737,93.55527667140404,30.390740955623645,37.22065404819909,37.27884649018587
8.456263094085285,7.5913540382309534,52.949449265126624,45.74109337708965,31.79314290905221,30.170243204971065
24.75098354310763,5.820949651000371,37.79999390842909,0.0,38.047815142087074,36.89562244427842
20.592083593670807,7.31045247593364,89.26506878184233,12.263554915175812,30.99596867833405,32.96279649746065
10.406615512854598,7.4064515683130825,83.69113058884815,0.0,30.681187151867796,26.898721967814136
51.68102174161279,6.938495171764596,53.91199821628221,24.115599085387483,38.80590995046455,38.979776982630895
39.41034360495425,6.951047432332382,64.4539086022096,0.0,30.397784986205366,33.12933109346777
13.468289127863866,7.189375152072874,88.75050126907799,0.0,26.730662617357083,26.958974634641834
39.9544213277312,7.437582087159503,71.239934103288,21.259740673137234,37.67435303199043,40.39584523082909
10.480921327896747,7.043662920696172,66.46491475839916,0.0,23.346958314631614,22.178738523404483
32.972721814252665,7.618191184241805,85.30219150293013,35.67291836404785,42.70376775302613,43.173451682108826
71.80120578095422,8.186815430340666,71.39482646612963,0.0,51.22421607249349,52.03215875687992
8.852738481448814,7.436633867689682,73.27281024285591,28.937364749736716,29.35660074398233,28.893870300915186
38.698050096954745,6.757833570601329,88.76823066562055,35.73078637243797,43.41630540725047,41.80625727389454
7.708070587783446,6.983340463122895,72.4736796583344,10.975796118037005,22.009241837031574,21.92649377771495
4.249263961908425,7.189003227391303,31.94455664170996,10.25389886851636,20.64706758116234,16.976517967622797
30.93920540833935,6.604532437689595,61.77499118897473,0.0,33.98064168835217,33.605160687117504
83.1503830315996,7.211468249644491,68.65348518567335,48.44971090681598,51.852383674261475,52.810743318042675
22.70115576449656,6.756789459763816,83.7139499805352,60.54362742118834,38.49128743806203,39.12078150428532
14.299876707057333,6.833134215005926,85.54159949395535,0.0,26.887082298525446,26.9086415718083
16.336342751206093,7.0292337442261585,106.70140386529262,0.0,27.664915785309503,28.28082758789366
64.71909126877468,6.4324508894423555,58.97043034299427,0.0,42.224291648890734,43.756006020153734
22.06728295670217,6.754481118317345,73.79189451150086,0.0,29.090543758486984,30.06031677399694
16.54551110529094,7.787075209500979,88.19621376888955,23.685168026753896,34.4764378862276,37.069526059004644
27.519506557974207,7.784405617904499,71.00157091684463,0.0,38.576751496588386,36.84156958485068
16.21259626889392,7.2072894231999625,68.58730475842718,0.0,27.569217792794213,26.837014417166085
20.752648132772684,7.92650261158422,60.35941717798996,54.75272521564123,40.093021978771084,41.61640353131138
14.085491962541392,6.817142811098299,77.31521246145945,0.0,24.819932856484023,26.29380055683033
8.277541362241134,7.667783597924853,97.57471169898555,59.00761269354385,40.48021229461328,36.723731895900265
38.282344218687484,6.419971374336389,54.52456800867701,0.0,39.277925636007765,36.970909630771594
44.81788809481337,7.301986250855595,67.38889692735623,0.0,35.06815659965827,37.2004211421411
41.233733686220084,6.789591721309815,54.19141095429047,0.0,32.39293303105411,34.323731929225154
31.138256516277625,6.823639641628668,68.4577810241056,0.0,32.87905754886047,32.15854573348801
27.39283943085006,7.048267358531615,39.028469807247234,8.066320098160029,31.30425068294298,28.342886653810705
27.95043211074835,7.427378046405753,74.81756241956562,8.68260379587465,33.39473293700905,35.11500618789788
50.29953604082563,7.162215535390669,91.85939659942802,0.0,35.056664869716066,39.25605941136406
7.277986572200164,6.691190289190717,94.45948956915727,14.633977570372661,29.202421356809644,26.64053323191547
24.711805297500106,7.319984654278994,46.60999226293636,7.964241941181713,34.29315894122031,30.53720626824856
27.569780044243696,7.221057578718879,98.77452429636753,62.8121175827964,45.19041811798959,42.657535528002256
17.028391817003936,7.274235976081797,59.093255811368785,0.0,26.380883462805457,27.07064983658545
48.91279434710533,6.682628212377214,117.74541557153952,0.0,44.83204118404798,42.4281183181263
44.27389196189144,6.805719503309359,76.20522351846682,0.0,35.30190617478559,36.756508318548796
62.533142642667194,7.116288847532355,75.33066076767663,0.0,38.61934958483513,40.37237423870009
25.573203937289023,7.384524066534578,86.47709279174111,17.70617563775994,35.313810038815014,36.06711903754361
45.14083170751061,7.122844388594477,62.63287018570505,0.0,35.38675109093534,35.23298098089032
10.989882897476884,6.9968340069569175,59.457940040798405,35.17327806750979,27.246706964062504,25.695489792088484
31.842649661589647,7.663397592123711,73.28055619249012,0.0,34.5545671097205,37.31395709442737
17.9919549599012,7.030306193100399,58.9265069932695,0.0,27.25561195990565,25.20302104318364
26.710991622531846,6.980366633374315,32.77211245460835,84.86734481914614,36.82042556370519,36.39571819846173
41.92085305658184,6.6443292272832855,66.86770126444007,28.256545360876252,38.33763503436524,40.78440138389958
92.87930985265781,7.463521858642865,71.62256214194352,28.736291749572825,55.87565080085555,54.2063245639092
64.11331387066963,7.201231237592573,57.003609997734955,16.907332891136615,42.43917837252331,42.53792399618733
11.406848770338256,7.10675635929776,68.21868929597811,86.39820970666167,34.16726730314321,33.928647337589815
26.1348698275688,6.682821911990506,51.46314573594438,0.0,33.42138173097961,30.43796881306046
21.475486295687674,7.387581614410361,82.77782187661096,0.0,29.199884219695374,31.87536030705732
11.318242550629419,7.049981709028296,65.136441308784,0.0,20.570326206037485,22.616072338891282
61.94605149919001,6.7189137618575705,70.37376357217698,0.0,40.694856153570534,41.38335818849622
18.310907907528442,6.729247427038875,60.32447369772287,0.0,28.380637629290096,27.696022785188507
7.201440321792294,6.1280325383216745,32.43994907143788,0.0,26.806189289622672,25.00728390654931
32.00707558654746,7.3850861094532165,104.3976352090764,0.0,40.220782142296144,37.25763472523666
15.673155755400975,7.079271089992994,38.31531215406564,0.0,22.638486224540056,22.97102889921573
20.179205415480027,7.113630102961223,67.27419654730225,14.319447400750242,35.13694663214291,29.366583929830938
7.313753256262439,7.304040102349698,86.94705657919778,0.0,25.75070134576596,24.15175049326869
15.594878884110713,7.777843536524115,35.9234552217637,0.0,26.187725126248775,29.263095800201807
14.0910351962757,7.508070591610778,65.6958977841421,0.0,30.831912613086246,28.402332609198492
28.96348321517591,6.940665189052058,69.74628820187844,0.0,32.09548460872665,30.460445570803127
26.44119963733534,6.719391111862321,67.27383637506856,5.280602193120646,35.46311399094265,32.15275054004309
4.798119778275977,5.872306481874918,72.92769445220422,0.0,29.253292533717943,28.534349670163316
38.91039372143076,7.015672656747524,58.58694565281044,34.31476509730821,35.96390075950162,36.793793016488
103.47164675360074,6.945684775492721,95.93158997055332,0.0,48.63114000473075,49.35836291834435
25.172335744013424,6.664233489324537,57.571709327169415,0.0,32.78812782812317,30.758498239698213
96.23921592877466,6.777956206590533,55.71625827480446,68.88273329897629,58.41404047515726,57.80777628498545
22.734023452088753,5.733439847890531,53.29517243858676,0.0,37.515014879750865,38.20512000838393
30.330126114655812,6.810256842734332,120.0,0.0,34.68405610291374,36.146585133177005
16.40222495722746,7.822562498826995,20.0,71.2423016442072,35.71359703706958,36.4810779341061
9.428014611675293,7.294558855586676,95.26144923909132,100.65842005315389,42.138478119902736,39.191450315526
101.92557652943019,7.256849632916194,73.35066410511178,0.0,52.50088531639252,49.17625441156487
109.38030978010731,7.399305026563446,69.74119388651879,27.18567328024674,56.37467526064752,56.29424809196506
63.764362631176574,6.6135514692902895,74.33797715350696,0.0,42.23824710386782,43.08624137909142
19.02682956103171,7.253206840577427,29.251434800065667,44.10945822143594,26.347678229043485,30.31898525155285
20.681739485579946,6.5991629684983515,57.05546215312087,0.0,31.217290373810496,29.627584415473947
7.117807000667346,6.862126511922872,51.5364969093393,0.0,20.492059437451033,19.619907134553987
45.1286087313925,7.283217434125834,78.14180197150306,57.90045007053138,51.0487338222165,46.28555041434773
15.903885898194483,6.901191233115708,86.52147254484198,0.0,27.299095602461495,27.11713336660863
10.940937948315725,6.497149701076166,52.661716069576514,6.156561339329585,23.876809553532173,26.342981045602613
35.93154931498872,8.295401587487634,88.60614640448071,42.800979504648545,49.04020791836246,51.765926418152034
34.07248661756618,7.024832420609627,96.06381861141423,0.0,37.71798694593052,33.86858483996877
15.772222455475772,6.432778409557216,34.25404562310709,0.0,26.68890644651421,27.246495588216984
48.96789814672719,7.426297635949285,40.98270279130094,0.0,38.04333206622328,37.317625979395885
33.520702680947565,6.584593787349031,69.85007350369291,0.0,32.9308684693293,35.247924435617406
12.279946514920647,6.764712875351633,45.34226336683537,0.0,23.373256385533235,23.292533720612397
12.403941718114261,7.3998832294444705,71.11017029099118,6.956537002221298,27.58158889180068,27.811675868248418
19.708906894900213,8.303438466306162,67.1997675751644,56.05283928734421,44.4025641143169,45.51578414778712
18.614726175928393,7.405659034296414,89.74968756328191,76.90731886593005,40.43356765200931,41.63672177273678
30.256497269965333,6.458706516891108,51.371347346856176,15.620792739155716,37.61065767147186,35.88749246949288
14.318097521101064,6.841008754935848,60.943346142814306,0.0,30.26367735879201,24.876250490161333
11.534242346672107,6.896503962120209,58.77943443486344,0.0,26.097661804185858,22.728423847798606
89.58882886002603,7.11342126750545,50.11106145047487,41.92746365166998,51.419771582758344,50.459270742275564
5.553194512675771,6.46653312125437,93.92009247978257,0.0,27.278945402754164,25.40033759365403
21.4759691038235,6.965171128363599,44.117822800605765,0.0,25.48369578585432,25.49039029806372
29.00517066465195,7.948039284314934,33.50400083599103,0.0,34.013279064589256,35.86949048017108
29.9864649142978,6.663385302751887,29.89260813070998,26.032765831668076,30.703558890462265,33.29634966429665
41.89324657109956,7.682931277805577,76.92764053905086,120.0,59.9021257753091,57.70643588323927
5.35425600738476,6.654108821983781,41.320009229444324,29.384535261054967,24.751686037068687,22.459598681492007
17.449102258447404,8.19553522956003,41.618101824972626,0.0,33.85345416883475,34.45747102651913
81.50679553805591,7.365423560203041,68.91585288062882,18.694007502449367,48.238450452889765,49.11866251541189
56.327486888396294,6.977976451510318,62.7276024398641,7.8870699407,38.68992812742156,38.212574860939625
30.8700940904556,7.631499889726016,78.64212140386495,0.0,37.159552536121865,37.13530967074621
3.3213035521091188,6.589642538996243,68.36584085491364,0.0,20.16934164707808,19.667709465577403
44.40275322580545,6.812525965661009,79.48699126373175,0.0,32.638698220349696,36.98970842855641
44.503913583785746,7.236019236584995,86.56233080650019,0.0,37.984040772172754,38.03562465102334
11.008593124749845,6.97823588006516,24.90271995208328,0.0,22.071814557403528,18.95742885631838
30.59762908535729,7.675918754724072,63.28048054981105,0.0,37.11470785473833,36.233213312086654
22.932560054685343,5.681310351211128,65.23561451151308,0.0,37.81115124203145,39.721982018612756
14.701779993140798,6.744516102472877,82.57438585214183,96.81833322808508,38.407731358158884,40.08830990724009
24.729515649948024,6.369803021614084,71.29343688927959,22.671695833016045,37.99083631021113,37.38965712678727
18.866159435754074,7.530635763879095,65.37645185875745,38.74783808458451,38.38816577493817,35.5899346971113
21.56581386412915,6.863264488757456,53.4100340390381,25.26163293525415,27.613172665319013,30.305793813856283
25.05562970016948,6.3613116437805495,56.19888079576009,0.0,31.722417571880847,33.43403955213006
10.855368772716119,6.584681532136974,92.18477743276065,65.63302090764518,39.16017778965347,36.394458682659746
31.855527676177545,7.11119533638947,90.03656979277658,0.0,31.4107535882098,33.50461931352456
20.473658651975086,6.495439118827393,106.29713830225143,0.0,36.22412223494683,34.451672997978264
56.12657878244501,7.615443611937603,58.854866818285245,0.0,43.6759330775385,42.251945147261864
39.14041632545999,7.553955362748545,49.17796389360882,10.471228102312438,34.22703866402875,37.91224162897085
7.612846938177846,6.034492031693972,40.223626669600506,0.0,29.596955242301362,26.808482855865734
64.4780999798472,6.652212804855562,81.38634487145121,0.0,43.00838833880248,43.44558953297714
8.436814041641433,7.0564377147267665,56.532839295349106,0.0,24.2894076266833,20.20836679806583
17.915405479922864,6.915757872848309,45.630355375319326,0.0,21.82148412817594,24.609648294888338
14.635754007173276,7.46877398818843,114.18744437891218,0.0,29.910617131920002,32.1823230694786
36.26522373884615,7.083299905021749,95.7449523509693,0.0,32.738639752480665,35.04608033835292
57.520167397892514,6.330663841810629,65.72777969847212,36.810409525768996,48.359870609261236,49.02254503501512
57.27937876256876,6.578067536858172,91.44655103508575,0.0,44.95353694196359,43.32223198752867
50.48454087864806,6.691901458493366,21.177801948604284,3.2330145802517753,35.49740250780553,35.42184574936279
16.569143445477625,7.477702194083547,45.19647450854835,0.0,27.02090932389359,27.651845124031894
29.32470623911745,6.7866385396291955,66.73195685174659,0.0,32.72034559580962,31.776563053884747
16.875451292312793,7.4191648422019245,70.58387373774308,0.0,25.869383251230232,29.27429333895491
51.933761873838385,5.942864722420009,86.53212226729462,0.0,48.30109654940743,47.58499442864657
13.334479684198724,7.239323577481818,73.06452855537016,0.0,28.123328481903265,26.10187547853008
11.78747016411758,7.177007701224737,65.45233673889692,0.0,22.715070054302643,24.089002463248463
33.753797462822014,8.159624257431206,43.49740809071368,12.805085416778534,40.14301903222879,41.7670330128054
12.393919546777353,7.052853884537715,73.6205226253717,0.0,27.357670228155524,23.913276458247136
41.64126717754671,6.682905970448608,22.321140497196197,62.206228210289346,40.748066236977145,40.53909353277709
5.888320699356736,7.030905676657429,102.30418854284088,9.794368927030739,19.110377202145152,22.95005961590786
39.116224963996274,6.5306528227859255,55.58112167153944,26.829717661479613,41.49114639614012,39.8219107771194
12.932164650297004,7.167647514914255,84.72677298266443,35.652481322031896,30.56199877706566,30.71166656806793
52.335948516948754,6.793792442747643,25.342537282314993,12.72610671129205,37.44720615788429,36.50184666304397
36.145263775056094,6.76721167017423,88.13484727325316,0.0,29.89773704086693,35.79709109007516
12.995617868405624,6.880685618080072,85.60960389340585,0.0,26.73898309101401,25.81033312604277
55.598435540674174,7.5569916210675725,98.81692227176268,0.0,47.13455224698584,44.77913576339143
22.61742509711748,6.972093023963432,69.91569836280824,36.0354389527662,30.211837322182195,32.551189193870314
19.832640193949718,7.026187883776736,84.4975285887534,0.0,26.105234476874365,27.983172860790273
32.585618419631075,7.6606953238044895,88.98790382114564,0.0,39.14181790572551,38.77864918807038
5.81199525568382,7.453646919451245,70.57787137696303,0.0,25.296190112488254,23.020806355122048
15.849659932310365,7.085104286217883,81.7654592270088,0.0,26.87015614262893,26.583616175036344
6.407694966454682,6.971816786251071,73.60718448910936,0.0,18.255692723151537,19.799718454065424
110.30714729846277,6.9400559957650705,76.83353932844022,30.624374131509725,56.328608716023346,54.54550508897357
4.73279052740844,6.415772343131156,69.61768769847521,22.26011523510606,25.40117912837113,25.757815987636118
38.02622828332826,7.001213005320487,59.440746341231254,45.59697362392443,38.925657535597225,37.97249122982681
19.02660708542781,7.167299599942384,47.86761119505417,0.0,26.524369910037517,26.036529037370812
11.720769765574719,6.402063430249972,58.14113250411859,7.15740145239348,28.764551230510538,28.24182242627608
16.46060096299176,8.37936764065316,96.40047273790402,62.10734257497178,49.69788068145126,48.412633170987284
13.30254652715725,6.8067675070591855,98.58027195090625,0.0,29.51679375464076,27.69656689938135
5.174768380164814,7.351729257167523,48.54498371877176,0.0,19.931370857568282,19.717812002622242
14.252902100182535,6.577522809722212,51.6162039303474,20.61928669608363,30.152429553191148,28.97865909447964
23.003376155277223,7.322979861958814,65.72214882200646,0.0,26.21694573195608,30.49430918819123
28.270727964573048,7.383706096643153,63.40451618667893,0.0,30.51500507667621,32.748777889653105
7.265517334219074,7.046724030981808,29.05523379849801,7.0271441489949655,14.94081003176082,17.827344209220996
11.956007290117183,6.3492873081437295,52.53346701844672,3.1042262309354243,30.752245366358025,27.930823463348847
14.774080084216289,6.676130866990004,86.64076329162215,0.0,29.460684255908667,28.693132991636865
21.695953181652108,6.8748569268096436,48.232113132698416,0.0,29.406947900164663,26.74827035280863
13.745304789191742,7.717859844154849,84.07299928080207,0.0,30.530397938199524,31.657658571483196
13.950683730895271,7.756974435824424,45.483157729667894,38.08730797649629,33.923117613137435,33.42708626033113
20.933889927537702,6.741532645235127,85.3360560995172,23.829353910969665,34.2997165801583,33.81756460206102
6.227077143251691,6.559174737925347,47.373503709190764,0.0,20.844479348449504,21.402290669838465
19.852944640056627,7.798325852936929,91.73769713767601,14.459935658141527,39.35869069869936,37.71442873380811
39.30080704290544,7.559584242217782,75.90699411566243,49.08247408621975,43.844497887360504,45.6343338959195
12.439798896677294,6.848300103114184,98.85639168869268,0.0,23.9792413572384,26.87924667460825
28.77632752646856,6.588406762699649,23.619325777281894,9.343129179041096,32.183944980570445,31.082158338925513
17.17173111433011,6.768557026587969,59.08694425659861,0.0,26.332081490626685,26.7344180583817
12.993732895709243,6.793921867340356,44.36833445392039,20.30990048367301,27.213180953679146,25.641529774414145
28.761165901399018,6.917967814018444,47.47671209197674,48.01394001605046,35.451114127677485,34.787972506339486
8.192693453515881,7.661905901732066,113.87881469148923,18.055375863061986,29.996802580676004,32.712880746052214
89.19614187458103,7.17713034756622,86.40687870571864,35.989741774673725,55.68515754953109,53.36630625728022
17.37849366992488,6.127966091904723,42.73009692967241,44.054910702440814,38.376261391780595,36.61679604458235
55.940070663822674,6.660946856410272,61.32982984546771,0.0,40.87066515674089,39.826499695634396
9.871397650135762,7.230438649304997,41.52940314105667,10.315765448711446,22.187984584909657,22.710438359888215
42.19022120555348,7.583764018083382,60.77777372828983,22.584591371648465,45.281205737478054,41.673825886794155
83.50985907954342,6.483191216170253,72.73611003640622,51.2114956178884,57.82005967717824,56.58322563742529
17.542311922322284,6.687642966378899,55.42613362017232,0.0,27.409719652094036,27.35999079519319
15.09554520638612,6.569940258013994,89.37007035219644,6.616577540162409,34.27763864167249,30.92032781621632
51.36332887561213,7.387076633286983,35.92645826792683,17.694423944528552,39.520462532332026,39.49810343471453
11.172978873508898,6.822822263440808,113.53884741336717,33.28538755638536,31.12674204839894,32.13124282724626
29.398395264955404,7.179677422654061,90.57765517766086,0.0,27.690279677286984,33.39415218396274
68.32754235720516,6.789907415194952,91.44599101145735,0.0,43.114802143397604,43.79331063542026
30.00350550798474,6.593652589651205,59.047956328747,0.0,31.293924328229185,33.18582698462176
47.38336317556597,7.074971289829894,73.04339890350965,21.547229032817576,40.18347673817045,39.28721796309292
67.26363526083931,8.107507611198223,67.92093248996233,0.0,51.48189583210535,50.0607686482971
16.484354201499713,6.725515639351522,52.005284204639736,36.380285231966546,31.091236018978893,30.584301073003406
74.40418833764254,8.190975869081106,51.45096974145274,7.711015558180984,51.04472802090884,52.174672474399706
18.27845906313602,6.208160308391489,66.81650620147046,6.5446570900788,34.47052828746261,33.881574524825744
27.70435880078172,6.922431096415235,50.080521373967315,13.84709333317875,27.48981728544108,30.357757392053617
26.494291800325882,7.038308271192399,80.52999151145815,0.0,29.393961971210732,30.286355270554346
36.1177020030955,7.147730296824899,86.77698477884566,69.79094095006751,41.37046679283243,44.759726915871184
30.107636646621497,6.504831318077233,59.64497677689232,30.398052260230955,36.310310515757166,38.019129213678674
22.03419766125215,7.634791354258424,89.26545040554564,0.0,38.98294513054926,34.91865664089531
36.77339674907442,7.123009667396329,44.6852019798765,0.0,31.695512318659915,31.481228921158372
20.36235880945515,7.311047301162865,50.76425306429944,31.949467792438007,33.66493884890537,32.011059471758976
27.464334620248678,6.528150077178567,120.0,0.0,38.22255375148147,37.82539465448681
26.397511618239747,6.298310074785219,78.35946196271604,60.357559817056035,45.00168522523894,44.30953933087061
11.682006190026991,7.074076695308508,55.1226462749648,21.188320851534503,28.201840511854893,24.72599423682884
36.28923169775401,6.363118315639335,50.12617811397105,76.34979407864402,46.31789679784731,46.4461942010016
18.104202546196948,6.6985773916921305,58.10260204697499,40.944003056892356,35.762930099302956,32.70158796931791
86.78892213207288,7.481389217005157,77.69826731909299,76.72825374273192,60.59572180618245,61.71028547929192
150.0,6.940522721011454,65.05986962779767,21.67417181771544,58.38598556846868,58.45905412616366
25.951603556773964,7.8487822266960245,90.88275833809539,23.617246594380127,45.33869811397912,41.726910872216436
17.420812164231446,7.514133390121682,26.5844716896708,0.0,27.8627548948277,26.88260014195091
5.980808828694901,6.413763275939742,60.731668263808366,0.0,24.25781072597049,23.618249972683685
6.507680198364456,6.723976189880198,79.126549161059,0.0,21.10196840615607,22.636194371698352
8.103383022325378,6.14463890888015,44.34978445349023,8.196373573350952,30.188591135894164,27.374795097533266
7.931296768158819,7.072093915064677,64.62057225973318,0.0,20.821385666671844,20.65053310061724
9.109162262585972,8.269570433218874,38.18539955936883,0.0,25.730522292266166,30.50923768018053
30.69483994066904,6.988620856874203,39.688629065772986,0.0,28.57831029102475,28.174847798109457
57.30975474644807,7.133738466308441,72.55517199402848,11.573915578330391,38.72856213842124,40.84875545864463
48.362135477301,7.508341661069932,56.87891750451707,0.0,40.33095557278478,39.20199477051203
18.40932052705761,6.901891883046768,69.07036192714467,0.0,29.278118267734868,26.826345322873756
6.56007842158975,6.9160572864921415,40.95655697835822,0.0,19.412559082941016,17.832316855579784
15.398293528219241,8.121015214437577,89.53545928303586,0.0,38.8787020685687,36.66262187722084
14.379314845877609,6.531965172433747,69.26697653479938,0.0,29.558828293156687,28.45661900437399
53.145704969772346,7.257547897540154,70.60082431927131,0.0,39.0040567808322,39.14195589272611
21.50183553142705,6.170408796793658,65.38624981175602,0.0,34.19991836176802,34.619760412986714
18.459245979899947,6.962661240725759,46.120811519705114,12.15317775195043,27.575130327144016,25.87822468553962
8.925045684565928,7.131508725007096,80.82773519546588,30.56538935440697,26.313707447355377,26.974196246137165
45.25709012748432,7.010584528166997,63.99078430988041,22.443118461821733,38.5722931570105,37.44443266795175
64.62941568039659,6.916347178990361,51.312387976564224,0.0,39.41388298846384,38.607444049463155
56.60775186004869,7.335565777953633,93.28448945421923,0.0,40.15584837825729,42.50676957889488
9.218526321625943,7.202044184463396,62.31664599471724,0.0,26.05834825446889,22.546692202505877
11.05718621807122,7.046308997387688,81.50161949244941,0.0,26.130730089095298,23.742335711784484
45.23300695631049,6.320942381742662,72.01056331792972,0.0,39.848236101098365,41.19873168751935
42.59063114235006,6.794013859456575,120.0,0.0,42.045343306665124,39.91791049460179
34.06428087723008,6.095809467329129,75.38207015892137,6.510667792098973,41.070841148828514,41.3076892094059
28.676665920558822,7.080159923636939,72.71751276378235,0.0,29.347020369732434,30.796909616109136
33.108687385914,6.231212056511471,64.74253953217159,0.0,37.41954008440002,38.01045574736942
47.99370032329248,6.277968133587703,89.08129922534653,0.0,43.05295237706662,43.679036418411414
26.593349502730636,6.718779808266049,75.33465783459852,0.0,31.808551059430222,32.17242133826189
15.794832342350658,7.133740161429221,93.31556457674981,8.45462908483653,30.10708931328285,29.05385464567535
79.20378603493918,7.193944302623767,96.8604038336857,70.32010757051363,57.491790781615414,58.18402003035959
10.970383064116527,7.309949523642112,69.32655138097839,0.0,25.50080527820542,25.179067008427133
19.38888607334846,6.474439572517702,72.51634308438008,71.20692214641134,38.438536131665515,40.56734270662161
57.81426653543224,7.715815449260311,47.535503590340966,0.0,42.93107007600116,42.67614221192197
16.424463477023608,7.6381392633344465,94.46330116127406,8.030017720803288,32.2931403460981,34.0925447208808
57.80020619695987,6.990279245884112,120.0,0.0,38.932853299157415,41.87983585047982
